Nombre cientifico,Familia,Altitud (desde),Altitud (hasta),Precipitacion (desde),Precipitacion (hasta),Bosque Natural,Plantaciones,Control Erosion,Clima seco,Alimento Frutas,Alimento Tuberculos,Alimento Nueces,Alimento Otros,Alimento animal silvestre,Alimento Peces,Maderable,Leña - Carbon,Forraje Gramineas,Forraje Arboles y                  Arbustos,Meliferas,Cobertura,Abono verde Mulch,Abono verde,Cerca viva,Rompe vientos,Postes vivos,Sombra,Sombra Café,Sombra Cacao,Sombra Potreros,Barrera viva,Tintes,Taninos,"Gomas, resina",Aceites,Medicinales,Medicinales uso Veterinario,Fibras,Fungicidas,Insecticidas,Insecticidas Aromaticas,Hierbicidas,Ornamental,Patron injertos,Venenosas,Macrofitas,Palmeras,Leguminosas,Malezas comestibles,Venenosas para el ganado
Erythrina berteroana,Leguminoseae,40,1000,1500,3500,,,,,,,,,,,,x,,x,x,,x,x,x,x,x,x,,,,,x,,,,x,,,,x,,,,,,,,,,
Erythrina caffra,Leguminoseae,,,,,,,,,,,,,,,,,,x,x,,,,x,,x,,,,,,,,,,,,,,,,,,,,,,,,
Erythrina corallodendron,Leguminoseae,,,,,,,,,,,,,,,,,,,x,,,x,,,x,x,,,,,,,,,,,,,,,,x,,,,,,,
Erythrina coralloides,Leguminoseae,,,,,,,,,,,,,,,,,,,,,,,,,x,,,,,,,,,,,,,,x,,,,,,,,,,
Erythrina crista-galli,Leguminoseae,,,,,,,,,,,,,,,,,,,x,,,x,x,x,x,x,,,,,,,,,x,,,,,,,x,,,,,,,
Erythrina dominguezii,Leguminoseae,150,500,,,,,,,,,,,,,,,,,,,,,,,x,,,,,,,,,,x,,,,,,,,,,,,,,
Erythrina edulis,Leguminoseae,900,3400,1500,2800,,,,,,,,x,,,x,x,,x,x,,x,x,x,x,x,x,x,,x,,,,,,x,,,,,,,x,,,,,,,
Erythrina falcata,Leguminoseae,1300,2800,,,,,x,,,,,x,,,,x,,x,,,,x,x,,x,x,,,,,,,,,x,,,,,,,x,,,,,,,
Erythrina flabelliformis,Leguminoseae,,,,,,,,,,,,,,,,,,,,,,,,,x,,,,,,,,,,,,,,,,,,,,,,,,
Erythrina flammea,Leguminoseae,,,,,,,,,,,,,,,,,,,,,,,,,x,,,,,,,,,,,,,,,,,,,,,,,,
Erythrina fusca,Leguminoseae,0,2000,1200,3000,,,,,,,,x,,,,,,x,x,,x,x,x,,x,x,x,x,,,,,,,x,,,,,,,x,,,,,,,
Erythrina glauca,Leguminoseae,,,,,,,,,,,,,,,,,,,,,,,,,x,,,,,,,,,,,,,,,,,,,,,,x,,
Erythrina herbacea,Leguminoseae,,,,,,,,,,,,,,,,,,,x,,,,,,,,,,,,,,,,,,,,,,,,,,,,,,
Erythrina indica,Leguminoseae,,,,,,,,,,,,,,,,,,x,x,,,x,x,,x,x,x,,,,,,,,,,,,,,,,,,,,,,
Erythrina leptorrhiza,Leguminoseae,,,,,,,,,,,,,,,,,,,,,,,,,x,,,,,,,,,,,,,,x,,,,,,,,,,
Erythrina lithosperma,Leguminoseae,300,1700,,,,,,,,,,,,,,,,,x,x,,x,,,x,x,x,,,,,,,,,,,,,,,,,,,,,,
Erythrina microcarpa,Leguminoseae,,,,,,,,,,,,,,,,,,,,,,,,,x,,,,,,,,,,,,,,,,,,,,,,,,
Erythrina micropteryx,Leguminoseae,,,,,,,,,,,,,,,,,,,,,,,,,x,,,,,,,,,,,,,,,,,,,,,,,,
Erythrina poeppigiana,Leguminoseae,150,2400,1000,4000,,,,,,,,,,,,,,x,x,,x,x,x,,x,x,x,x,,x,,,,,x,,,,x,,,x,,,,,,,
Erythrina rubrinervia,Leguminoseae,,,,,,,,,,,,,,,,,,,,,,,,,x,,,,,,,,,,,,,,,,,,,,,,,,
Erythrina senegalensis,Leguminoseae,,,,,,,,,,,,,,,,,,,,,,,,,x,,,,,,,,,,,,,,,,,,,,,,,,
Erythrina sp.,Leguminoseae,0,3000,,,,,,,,,,,,,,,,,,,,,,,x,,,,,,,,,,x,,,,,,,,,,,,,,
Erythrina stricta,Leguminoseae,,,,,,,,,,,,,,,,,,,,,,,,,x,,,,,,,,,,,,,,,,,,,,,,,,
Erythrina suberosa,Leguminoseae,,,,,,,,,,,,,,,,,,,,,,,,,x,,,,,,,,,,,,,,,,,,,,,,,,
Erythrina tomentosa,Leguminoseae,,,,,,,,,,,,,,,,,,,,,,,,,x,,,,,,,,,,,,,,,,,,,,,,,,
Erythrina umbrosa,Leguminoseae,,,,,,,,,,,,,,,,,,,,,,,,,x,,,,,,,,,,,,,,,,,,,,,,,,
Erythrina variegata,Leguminoseae,,,,,,,,,,,,,,,,,,x,x,,,x,x,x,x,x,x,,,,,,,,,,,,,,,,,,,,,,
Erythrina velutina,Leguminoseae,,,,,,,,x,,,,,,,,,,x,x,,,x,,x,x,x,,,,,,,,,,,,,,,,,,,,,,,
Erythrina verna,Leguminoseae,,,,,,,,,,,,,,,,,,,,,,,,,,,,,,,,,,,,,,,,,,,,,,,,,
Erythrochiton fallas,Rutaceae,250,900,,,,,,,,,,,,,,,,,,,,,,,,,,,,,,,,,,,,,,,,,,,,,,,
Erythrodes sp.,Orchidaceae,,,,,,,,,,,,,,,,,,,,,,,,,,,,,,,,,,,x,,,,,,,,,,,,,,
Erythroxylum citrifolium,Erythroxylaceae,,,,,,,,,,,,,,,,,,,x,,,,,,,,,,,,,,,,,,,,,,,,,,,,,,
Erythroxylum coca,Erythroxylaceae,,,,,,,,,,,,,,,,,,,x,,,,,,,,,,,,,,,,x,,,,,,,,,,,,,,
Erythroxylum cuneifolium,Erythroxylaceae,,,,,,,,,,,,,,,,,,,,,,,,,,,,,,,,,,,,,,,,,,,,,,,,,
Erythroxylum daphnites,Erythroxylaceae,,,,,,,,,,,,,,,,,,,,,,,,,,,,,,,,,,,,,,,,,,,,,,,,,
Erythroxylum novogranatense,Erythroxylaceae,,,,,,,,,,,,,,,,,,,x,,,,,,,,,,,,,,,,,,,,,,,,,,,,,,
Erythroxylum sp.,Erythroxylaceae,,,,,,,,,,,,,,,,,,,x,,,,,,,,,,,,,,,,,,,,,,,,,,,,,,
Erythroxylum ulei,Erythroxylaceae,,,,,,,,,,,,,,,,,,,,,,,,,,,,,,,,,,,,,,,,,,,,,,,,,
Escallonia angustifolia,Saxifragaceae,2500,3200,,,,,x,,,,,,,,x,x,,,,,,,,,,,,,,,,,,,,,,,,,,,,,,,,,
Escallonia micrantha,Saxifragaceae,,,,,,,,,,,,,,,,,,,,,,,,,,,,,,,,,,,x,,,,,,,,,,,,,,
Escallonia millegrana,Saxifragaceae,1700,2800,,,,,x,,,,,,,,,x,,x,x,,,,x,,,x,,,,,,,,,,,,,,,,,,,,,,,
Escallonia paniculata,Escalloniaceae,,,,,,,,,,,,,,,,,,,x,,,,,,,,,,,,,,,,,,,,,,,,,,,,,,
Escallonia pendula,Saxifragaceae,2000,3000,,,,,,,,,,,,,x,x,,x,x,,,,x,,,,,,,,,,,,x,,,,,,,,,,,,,,
Escallonia resinosa,Saxifragaceae,1800,4000,,,,,x,,,,,x,,,x,x,,x,x,,,,,,,x,,,x,,,,,,x,,,,,,,,,,,,,,
Escallonia reticuata,Saxifragaceae,1400,2800,,,,,x,,,,,,,,,x,,,x,,,,,,,x,,,,,,,,,,,,,,,,x,,,,,,,
Eschscholzia californica,Papaveraceae,,,,,,,,,,,,,,,,,,,,,,,,,,,,,,,,,,,x,,,,,,,,,,,,,,
Eschweilera andina,Lecythidaceae,,,,,,,,,,,,,,,,,,,,,,,,,,,,,,,,,,,x,,,,,,,,,,,,,,
Eschweilera coriacea,Lecythidaceae,100,300,,,,,,,,,,,x,,,,,,,,,,,,,,,,,,,,,,x,,,,,,,,,,,,,,
Eschweilera sp.,Lecythidaceae,,,,,,,,,,,,,,,,,,,,,,,,,,,,,,,,,,,x,,,,,,,,,,,,,,
Escobedia grandiflora,Scrophulariaceae,,,,,,,,,,,,,,,,,,,,,,,,,,,,,,,,,,,x,,,,,,,,,,,,,,
Esenbeckia almawillia,Rutaceae,,,,,,,,,,,,,,,,,,,,,,,,,,,,,,,,,,,,,,,,,,,,,,,,,
Esenbeckia runyoni,Rutaceae,,,,,,,,,,,,,,,,,,,x,,,,,,,,,,,,,,,,,,,,,,,,,,,,,,
Eucaliptus globulus,Myrtaceae,,,,,,,,,,,,,,,,,,,,,,,,,,,,,,,,,,,x,,,,,,,,,,,,,,
Eucaliptus saligna,Myrtaceae,,,,,,,,,,,,,,,,,,,x,,,,,,,,,,,,,,,,,,,,,,,,,,,,,,
Eucalyptus acmenoides,Myrtaceae,,,,,,,,,,,,,,,x,x,,,,,,,,,,,,,,,,,,,,,,,,,,,,,,,,,
Eucalyptus alba,Myrtaceae,0,500,,,,,,,,,,,,,x,x,,,,,,,,,,,,,,,,,,,,,,,,,,,,,,,,,
Eucalyptus andrewsii,Myrtaceae,,,,,,,,,,,,,,,x,x,,,,,,,,,,,,,,,,,,,,,,,,,,,,,,,,,
Eucalyptus astringens,Myrtaceae,,,,,,,,,,,,,,,x,x,,,,,,,,,,,,,,,,,,,,,,,,,,,,,,,,,
Eucalyptus bosistoana,Myrtaceae,,,,,,,,,,,,,,,x,x,,,,,,,,,,,,,,,,,,,,,,,,,,,,,,,,,
Eucalyptus botryoides,Myrtaceae,,,,,,,,,,,,,,,x,x,,,x,,,,,,,,,,,,,,,,,,,,,,,,,,,,,,
Eucalyptus brassiana,Myrtaceae,0,650,,,,,,,,,,,,,x,x,,,,,,,,,,,,,,,,,,,,,,,,,,,,,,,,,
Eucalyptus bridgesiana,Myrtaceae,,,,,,,,,,,,,,,,x,,,x,,,,,,,x,,,,,,,,,,,,,,,,x,,,,,,,
Eucalyptus brockwayi,Myrtaceae,,,,,,,,,,,,,,,x,x,,,,,,,,,,,,,,,,,,,,,,,,,,x,,,,,,,
Eucalyptus camaldulensis,Myrtaceae,0,1200,,,,,,,,,,,,,x,x,,,x,,,,,x,,,,,,,,,,,,,,,x,,,,,,,,,,
Eucalyptus citriodora,Myrtaceae,,,,,,,,,,,,,,,x,x,,,x,,,,,x,,,,,,,,,,x,x,,,,,,,,,,,,,,
Eucalyptus cladocalyx,Myrtaceae,,,,,,,,,,,,,,,x,x,,,,,,,,,,,,,,,,,,,,,,,,,,,,,,,,,
Eucalyptus cloeziana,Myrtaceae,,,,,,,,,,,,,,,x,x,,,,,,,,,,,,,,,,,,,,,,,,,,,,,,,,,
Eucalyptus dalrympleana,Myrtaceae,,,,,,,,,,,,,,,x,x,,,,,,,,,,,,,,,,,,,,,,,,,,x,,,,,,,
Eucalyptus deanei,Myrtaceae,,,,,,,,,,,,,,,x,x,,,,,,,,,,,,,,,,,,,,,,,,,,,,,,,,,
Eucalyptus deglupta,Myrtaceae,0,1800,,,,,,,,,,,,,x,x,,,,,,,,,,x,,,,,,,,,,,,,,,,x,,,,,,,
Eucalyptus delegatensis,Myrtaceae,,,,,,,,,,,,,,,x,x,,,,,,,,,,,,,,,,,,,,,,,,,,,,,,,,,
Eucalyptus dunnii,Myrtaceae,,,,,,,,,,,,,,,x,x,,,,,,,,,,,,,,,,,,,,,,,,,,,,,,,,,
Eucalyptus exserta,Myrtaceae,,,,,,,,,,,,,,,x,x,,,,,,,,,,,,,,,,,,,,,,,,,,,,,,,,,
Eucalyptus fastigada,Myrtaceae,,,,,,,,,,,,,,,x,x,,,,,,,,,,,,,,,,,,,,,,,,,,,,,,,,,
Eucalyptus ficifolia,Myrtaceae,,,,,,,,,,,,,,,,,,,x,,,,,,,,,,,,,,,,,,,,,,,,,,,,,,
Eucalyptus glaucescens,Myrtaceae,,,,,,,,,,,,,,,x,x,,,,,,,,,,,,,,,,,,,,,,,,,,,,,,,,,
Eucalyptus globulus,Myrtaceae,1000,3000,,,,,,,,,,,,,x,x,,,x,,,,,x,,,,,,,,,,,x,,,,x,,,,,,,,,,
Eucalyptus gomphocephala,Myrtaceae,800,2000,,,,,,,,,,,,,x,x,,,x,,,,,,,,,,,,,,,,,,,,,,,,,,,,,,
Eucalyptus grandis,Myrtaceae,800,2000,,,,,,,,,,,,,x,x,,,x,,,,,,,,,,,,,,,,,,,,,,,,,,,,,,
Eucalyptus gummifera,Myrtaceae,,,,,,,,,,,,,,,x,x,,,,,,,,,,,,,,,,,,,,,,,,,,,,,,,,,
Eucalyptus gunnii,Myrtaceae,,,,,,,,,,,,,,,,x,,,,,,,,x,,,,,,,,,,,,,,,,,,x,,,,,,,
Eucalyptus intermedia,Myrtaceae,,,,,,,,,,,,,,,x,x,,,,,,,,,,,,,,,,,,,,,,,,,,,,,,,,,
Eucalyptus intertexta,Myrtaceae,,,,,,,,,,,,,,,,x,,,,,,,,,,,,,,,,,,,,,,,,,,,,,,,,,
Eucalyptus lehmannii,Myrtaceae,,,,,,,,,,,,,,,,x,,,,,,,,,,,,,,,,,,,,,,,,,,x,,,,,,,
Eucalyptus macarthurii,Myrtaceae,,,,,,,,,,,,,,,,x,,,,,,,,x,,,,,,,,,,,,,,,,,,,,,,,,,
Eucalyptus maculata,Myrtaceae,,,,,,,,,,,,,,,x,x,,,,,,,,,,,,,,,,,,,,,,,,,,,,,,,,,
Eucalyptus melanophloia,Myrtaceae,,,,,,,,,,,,,,,,x,,,,,,,,x,,,,,,,,,,,,,,,,,,,,,,,,,
Eucalyptus melliodora,Myrtaceae,,,,,,,,,,,,,,,,,,,,,,,,,,,,,,,,,,,,,,,x,,,,,,,,,,
Eucalyptus microtheca,Myrtaceae,,,,,,,,,,,,,,,x,x,,,,,,,,x,,x,,,,,,,,,,,,,,,,,,,,,,,
Eucalyptus moluccana,Myrtaceae,,,,,,,,,,,,,,,x,x,,,x,,,,,,,,,,,,,,,,,,,,,,,,,,,,,,
Eucalyptus muellerana,Myrtaceae,,,,,,,,,,,,,,,x,x,,,,,,,,,,,,,,,,,,,,,,,,,,,,,,,,,
Eucalyptus nesophila,Myrtaceae,,,,,,,,,,,,,,,x,x,,,,,,,,,,,,,,,,,,,,,,,,,,,,,,,,,
Eucalyptus nitens,Myrtaceae,,,,,,,,,,,,,,,x,x,,,,,,,,,,,,,,,,,,,,,,,,,,,,,,,,,
Eucalyptus obliqua,Myrtaceae,,,,,,,,,,,,,,,x,x,,,,,,,,,,,,,,,,,,,,,,,,,,,,,,,,,
Eucalyptus occidentalis,Myrtaceae,,,,,,,,,,,,,,,x,x,,,,,,,,,,,,,,,,,,,,,,,,,,,,,,,,,
Eucalyptus oleosa,Myrtaceae,,,,,,,,,,,,,,,,x,,,,,,,,x,,,,,,,,,,,,,,,,,,,,,,,,,
Eucalyptus paniculata,Myrtaceae,,,,,,,,,,,,,,,x,x,,,,,,,,,,,,,,,,,,,,,,,,,,,,,,,,,
Eucalyptus pellita,Myrtaceae,,,,,,,,,,,,,,,x,x,,,x,,,,,,,,,,,,,,,,,,,,,,,,,,,,,,
Eucalyptus pilularis,Myrtaceae,,,,,,,,,,,,,,,x,x,,,,,,,,,,,,,,,,,,,,,,,,,,,,,,,,,
Eucalyptus populnea,Myrtaceae,,,,,,,,,,,,,,,,x,,,,,,,,x,,x,,,,,,,,,,,,,,,,,,,,,,,
Eucalyptus propinqua,Myrtaceae,,,,,,,,,,,,,,,x,x,,,,,,,,,,,,,,,,,,,,,,,,,,,,,,,,,
Eucalyptus radiata,Myrtaceae,1000,2000,,,,,,,,,,,,,x,x,,,,,,,,x,,x,,,,,,,,x,,,,,,,,x,,,,,,,
Eucalyptus regnans,Myrtaceae,,,,,,,,,,,,,,,x,x,,,,,,,,,,,,,,,,,,,,,,,,,,x,,,,,,,
Eucalyptus resinifera,Myrtaceae,,,,,,,,,,,,,,,x,x,,,,,,,,,,,,,,,,,,,,,,,,,,,,,,,,,
Eucalyptus robusta,Myrtaceae,500,1800,,,,,,,,,,,,,x,x,,,x,,,,,x,,,,,,,,x,,,,,,,,,,,,,,,,,
Eucalyptus saligna,Myrtaceae,1000,2000,,,,,,,,,,,,,x,x,,,x,,,,,,,,,,,,,,,,,,,,,,,,,,,,,,
Eucalyptus salmonophloia,Myrtaceae,,,,,,,,,,,,,,,x,x,,,,,,,,x,,,,,,,,,,,,,,,,,,,,,,,,,
Eucalyptus sargentii,Myrtaceae,,,,,,,,,,,,,,,,x,,,,,,,,,,,,,,,,,,,,,,,,,,x,,,,,,,
Eucalyptus sideroxylon,Myrtaceae,,,,,,,,,,,,,,,x,x,,,,,,,,,,,,,,,,,,,,,,,,,,,,,,,,,
Eucalyptus sieberi,Myrtaceae,,,,,,,,,,,,,,,x,x,,,,,,,,,,,,,,,,,,,,,,,,,,,,,,,,,
Eucalyptus smithii,Myrtaceae,,,,,,,,,,,,,,,x,x,,,x,,,,,,,,,,,,,,,,,,,,,,,,,,,,,,
Eucalyptus sp.,Myrtaceae,,,,,,,,,,,,,,,x,x,,,x,,,,,,,,,,,,,,,,,,,,,,,,,,,,,,
Eucalyptus tereticornis,Myrtaceae,0,1000,,,,,,,,,,,,,x,x,,,x,,,,,x,,x,,,,,,,,x,,,,,,,,,,,,,,,
Eucalyptus torelliana,Myrtaceae,,,,,,,,,,,,,,,x,x,,,,,,,,x,,x,,,,,,,,,,,,,,,,x,,,,,,,
Eucalyptus urophylla,Myrtaceae,0,3000,,,,,,,,,,,,,x,x,,,,,,,,,,,,,,,,,,,,,,,,,,,,,,,,,
Eucalyptus viminalis,Myrtaceae,,,,,,,,,,,,,,,x,x,,,x,,,,,,,,,,,,,,,,,,,,,,,,,,,,,,
Eucharis amazonica,Amaryllidaceae,,,,,,,,,,,,,,,,,,,,,,,,,,,,,,,,,,,x,,,,,,,,,,,,,,
Eucharis ulei,Amaryllidaceae,,,,,,,,,,,,,,,,,,,,,,,,,,,,,,,,,,,x,,,,,,,,,,,,,,
Eugenia aggregata,Myrtaceae,0,1200,,,,,,,x,,,x,,,,,,,,,,,,,,,,,,,,,,,,,,,,,,,,,,,,,
Eugenia aquea,Myrtaceae,0,1200,,,,,,,x,,,x,,,,,,,,,,,,x,,,,,,,,,,,,,,,,,,,,,,,,,
Eugenia caryophyllata,Myrtaceae,,,,,,,,,,,,,,,,,,,,,,,,,,,,,,,,,,,x,,,,,,,,,,,,,,
Eugenia cisplatensis,Myrtaceae,,,,,,,,,,,,,,,,,,,x,,,,,,,,,,,,,,,,,,,,,,,,,,,,,,
Eugenia curranii,Myrtaceae,,,,,,,,,,,,x,,,,,,,,,,,,,,,,,,,,,,,,,,,,,,x,,,,,,,
Eugenia densiflora,Myrtaceae,,,,,,,,,,,,x,,,,,,,,,,,,,,,,,,,,,,,,,,,,,,,x,,,,,,
Eugenia dombeyi,Myrtaceae,0,1200,,,,,,,x,,,x,,,,,,,,,,,,x,,,,,,,,,,,,,,,,,,x,,,,,,,
Eugenia floribunda,Myrtaceae,,,,,,,,,,,,,,,,,,,,,,,,,,,,,,,,,,,x,,,,,,,,,,,,,,
Eugenia florida,Myrtaceae,,,,,,,,,,,,,,,,,,,,,,,,,,,,,,,,,,,,,,,,,,,,,,,,,
Eugenia jambos,Myrtaceae,,,,,,,x,,x,,,,,,,x,,,,,,,,,,x,x,,,,,,,,,,,,,,,,,,,,,,
Eugenia javanica,Myrtaceae,,,,,,,,,,,,x,,,,,,,,,,,,x,,,,,,,,,,,,,,,,,,x,,,,,,,
Eugenia juninensis,Leguminoseae,,,,,,,,,,,,,,,,,,,,,,,,,,,,,,,,,,,,,,,,,,,,,,,x,,
Eugenia klotzschiana,Myrtaceae,,,,,,,,,x,,,x,,,,,,,,,,,,,,,,,,,,,,,,,,,,,,,,,,,,,
Eugenia luschnathiana,Myrtaceae,0,1000,,,,,,,x,,,x,,,,,,,,,,,,,,,,,,,,,,,,,,,,,,x,,,,,,,
Eugenia malaccensis,Myrtaceae,0,800,,,,,,,x,,,x,,,,,,,,,,,,x,,,,,,,,,,,,,,,,,,x,,,,,,,
Eugenia mato,Myrtaceae,,,,,,,,,,,,,,,,,,,,,,,,,,,,,,,,,,,,,,,,,,,,,,,,,
Eugenia myrcianthes,Myrtaceae,,,,,,,,,,,,,,,,,,,x,,,,,,,,,,,,,,,,,,,,,,,,,,,,,,
Eugenia myrtifolia,Myrtaceae,,,,,,,,,,,,x,,,,,,,,,,,x,,,,,,,,,,,,,,,,,,,,,,,,,,
Eugenia myrtomimeta,Myrtaceae,,,,,,,,,,,,,,,,,,,,,,,,,,,,,,,,,,,x,,,,,,,,,,,,,,
Eugenia opaca,Myrtaceae,,,,,,,,,,,,,,,,,,,x,,,,,,,,,,,,,,,,,,,,,,,,,,,,,,
Eugenia patrisii,Myrtaceae,,,,,,,,,,,,,,,,,,,,,,,,,,,,,,,,,,,,,,,,,,,,,,,,,
Eugenia polycephala,Myrtaceae,,,,,,,,,,,,x,,,,,,,,,,,,,,,,,,,,,,,,,,,,,,,,,,,,,
Eugenia pungens,Myrtaceae,,,,,,,,,,,,,,,,,,,x,,,,,,,,,,,,,,,,,,,,,,,,,,,,,,
Eugenia selloi,Myrtaceae,,,,,,,,,x,,,x,,,,,,,,,,,,,,,,,,,,,,,,,,,,,,,,,,,,,
Eugenia smithii,Myrtaceae,,,,,,,,,,,,x,,,x,,,,,,,,x,x,,,,,,,,,,,,,,,,,,,,,,,,,
Eugenia sp.,Myrtaceae,,,,,,,,,,,,,,,,,,,,,,,,,,,,,,,,,,,x,,,,,,,,,,,,,,
Eugenia stipitata,Myrtaceae,0,800,,,,,,,x,,,x,,,,,,,x,,,,,,,,,,,,,,,,,,,,,,,,,,,,,,
Eugenia tormentosa,Myrtaceae,,,,,,,,,,,,x,,,,,,,,,,,,,,,,,,,,,,,,,,,,,,,,,,,,,
Eugenia uniflora,Myrtaceae,0,1700,,,,,,,x,,,x,,,,,,,x,,,,x,,,,,,,,,,,,x,,,,,,,,,,,,,,
Eugenia uvalla,Myrtaceae,,,,,,,,,,,,x,,,,,,,,,,,,x,,,,,,,,,,,,,,,,,,,,,,,,,
Eulophia alta,Orchidaceae,,,,,,,,,,,,,,,,,,,,,,,,,,,,,,,,,,,,,,,,,,,,,x,,,,
Eupatorium andinum,Asteraceae,,,,,,,,,,,,,,,,,,,,,,,,,,,,,,,,,,,x,,,,,,,,,,,,,,
Eupatorium araliafolium,Asteraceae,,,,,,,,,,,,,,,,,,,x,,,,,,,,,,,,,,,,,,,,,,,,,,,,,,
Eupatorium arnottiatum,Asteraceae,,,,,,,,,,,,,,,,,,,,,,,,,,,,,,,,,,,x,,,,,,,,,,,,,,
Eupatorium ayapana,Asteraceae,,,,,,,,,,,,,,,,,,,,,,,,,,,,,,,,,,,x,,,,,,,,,,,,,,
Eupatorium bunifolium,Asteraceae,,,,,,,,,,,,,,,,,,,x,,,,,,,,,,,,,,,,,,,,,,,,,,,,,,
Eupatorium cannabinum,Asteraceae,,,,,,,,,,,,,,,,,,,x,,,,,,,,,,,,,,,,,,,,,,,,,,,,,,
Eupatorium espinosarum,Asteraceae,,,,,,,,,,,,,,,,,,,,,,,,,,,,,,,,,,,,,,,x,,,,,,,,,,
Eupatorium inulifolium,Asteraceae,,,,,,,,,,,,,,,,,,,,,,,,,,,,,,,,,,,x,,,,,,,,,,,,,,
Eupatorium laevigatum,Asteraceae,,,,,,,,,,,,,,,,,,,,,,,,,,,,,,,,,,,x,,,,,,,,,,,,,,
Eupatorium leivense,Asteraceae,,,,,,,,,,,,,,,,,,,x,,,,,,,,,,,,,,,,,,,,,,,,,,,,,,
Eupatorium leucocephala,Asteraceae,,,,,,,,,,,,,,,,,,,x,,,,,,,,,,,,,,,,,,,,,,,,,,,,,,
Eupatorium macrophyllum,Asteraceae,,,,,,,,,,,,,,,,,,,,,,,,,,,,,,,,,,,x,,,,,,,,,,,,,,
Eupatorium mairetianum,Asteraceae,,,,,,,,,,,,,,,,,,,,,,,,,,,,,,,,,,,,,,,x,,,,,,,,,,
Eupatorium morifolium,Asteraceae,,,,,,,,,,,,,,,,,,,x,,,,,,,,,,,,,,,,,,,,,,,,,,,,,,
Eupatorium odoratum,Asteraceae,,,,,,,,,,,,,,,,,,,x,,,,,,,,,,,,,,,,,,,,,,,,,,,,,,
Eupatorium persicifolium,Asteraceae,,,,,,,,,,,,,,,,,,,,,,,,,,,,,,,,,,,x,,,,,,,,,,,,,,
Eupatorium petiolare,Asteraceae,,,,,,,,,,,,,,,,,,,,,,,,,,,,,,,,,,,,,,,x,,,,,,,,,,
Eupatorium pycnocephalum,Asteraceae,,,,,,,,,,,,,,,,,,,x,,,,,,,,,,,,,,,,,,,,x,,,,,,,,,,
Eupatorium solidaginifolium,Asteraceae,,,,,,,,,,,,,,,,,,,x,,,,,,,,,,,,,,,,,,,,,,,,,,,,,,
Eupatorium sp.,Asteraceae,,,,,,,,,,,,,,,,,,,x,,,,,,,,,,,,,,,,x,,,,,,,,,,,,,,
Eupatorium squalidum,Asteraceae,,,,,,,,,,,,,,,,,,,,,,,,,,,,,,,,,,,x,,,,,,,,,,,,,,
Eupatorium stictophyllum,Asteraceae,,,,,,,,,,,,,,,,,,,,,,,,,,,,,,,,,,,x,,,,,,,,,,,,,,
Eupatorium triplinerve,Asteraceae,,,,,,,,,,,,,,,,,,,,,,,,,,,,,,,,,,,x,,,,,,,,,,,,,,
Eupatorium tunariense,Asteraceae,,,,,,,,,,,,,,,,,,,,,,,,,,,,,,,,,,,x,,,,,,,,,,,,,,
Euphorbia antiquorum,Euphorbiaceae,,,,,,,,,,,,,,,,,,,,,,x,x,,x,,,,,,,,,,,,,,,,,,,,,,,,
Euphorbia balsamifera,Euphorbiaceae,,,,,,,,,,,,,,,,,,,,,,,,,,,,,,,,,,,x,,,,,,,,,,,,,,
Euphorbia calyptrata,Euphorbiaceae,,,,,,,,,,,,,,,,,,,,,,,,,,,,,,,,,,,x,,,,,,,,,,,,,,
Euphorbia caracasana,Euphorbiaceae,,,,,,,,,,,,,,,,,,,x,,,,,,,,,,,,,,,,,,,,,,,,,,,,,,
Euphorbia cotinifolia,Euphorbiaceae,,,,,,,,,,,,,,,,,,,x,,,,,,,,,,,,,,,,,,,,x,,,,,,,,,,
Euphorbia furcillata,Euphorbiaceae,,,,,,,,,,,,,,,,,,,,,,,,,,,,,,,,,,,,,,,x,,,,,,,,,,
Euphorbia glomerifera,Euphorbiaceae,,,,,,,,,,,,,,,,,,,x,,,,,,,,,,,,,,,,,,,,,,,,,,,,,,
Euphorbia granulata,Euphorbiaceae,,,,,,,,,,,,,,,,,,,,,,,,,,,,,,,,,,,x,,,,,,,,,,,,,,
Euphorbia heterophylla,Euphorbiaceae,,,,,,,,,,,,,,,,,,,x,,,,,,,,,,,,,,,,x,,,,,,,,,,,,,,
Euphorbia hirta,Euphorbiaceae,,,,,,,,,,,,,,,,,,,,x,,,,,,,,,,,,,,,x,,,,x,,,,,,,,,,
Euphorbia hisopifolia,Euphorbiaceae,,,,,,,,,,,,,,,,,,,,,,,,,,,,,,,,,,,x,,,,,,,,,,,,,,
Euphorbia huachangana,Euphorbiaceae,,,,,,,,,,,,,,,,,,,,,,,,,,,,,,,,,,,x,,,,,,,,,,,,,,
Euphorbia hypericifolia,Euphorbiaceae,,,,,,,,,,,,,,,,,,,,,,,,,,,,,,,,,,,x,,,,,,,,,,,,,,
Euphorbia lactea,Euphorbiaceae,,,,,,,x,x,,,,,,,,,,,,,,,x,,x,,,,,,,,x,,,,,,,,,,,,,,,,
Euphorbia lathyris,Euphorbiaceae,,,,,,,,,,,,,,,,,,,,,,,,,,,,,,,,,,,x,,,,,,,,,,,,,,
Euphorbia minor,Euphorbiaceae,,,,,,,,,,,,,,,,,,,,,,,,,,,,,,,,,,,x,,,,,,,,,,,,,,
Euphorbia officinarum,Euphorbiaceae,,,,,,,,,,,,,,,,,,,,,,,,,,,,,,,,,,,x,,,,,,,,,,,,,,
Euphorbia paralias,Euphorbiaceae,,,,,,,,,,,,,,,,,,,,x,,,,,,,,,,,,,,,,,,,x,,,,,,,,,,
Euphorbia peplus,Euphorbiaceae,,,,,,,,,,,,,,,,,,,,,,,,,,,,,,,,,,,x,,,,,,,,,,,,,,
Euphorbia prostata,Euphorbiaceae,,,,,,,,,,,,,,,,,,,,x,,,,,,,,,,,,,,,,,,,x,,,,,,,,,,
Euphorbia pulcherrima,Euphorbiaceae,,,,,,,,,,,,,,,,,,,x,x,,,,,,,,,,,,,,,,,,,x,,,,,,,,,,
Euphorbia tirucalli,Euphorbiaceae,,,,,,,x,x,,,,,,,,,,,,,,x,x,,x,,,,,,,,x,,,,,,,,,,,,,,,,
Euphoria didyma,Sapindaceae,,,,,,,,,,,,x,,,,,,,,,,,,,,,,,,,,,,,,,,,,,,,,,,,,,
Euphoria longan,Sapindaceae,300,1000,,,,,,,x,,,x,,,,x,,,,,,,,,,,,,,,,,,,x,,,,,,,x,,,,,,,
Euphrasia officinalis,Orobanchaceae,,,,,,,,,,,,,,,,,,,,,,,,,,,,,,,,,,,x,,,,,,,,,,,,,,
Euterpe oleracea,Palmaceae,,,,,,,,,x,,,x,,,,,,,,,,,,,,,,,,,,,,,x,,,,,,,,,,,x,,,
Euterpe precatoria,Palmaceae,,,,,,,,,x,,,x,,,,,,,,,,,,,,x,,x,,,,,,,x,,,,,,,,,,,x,,,
Evolvulus tenuis,Convolvulaceae,,,,,,,,,,,,,,,,,,,x,,,,,,,,,,,,,,,,,,,,,,,,,,,,,,
Evolvulus villosus,Convolvulaceae,,,,,,,,,,,,,,,,,,,,,,,,,,,,,,,,,,,x,,,,,,,,,,,,,,
Eysenhardtia adenostylis,Leguminoseae,,,,,,,,,,,,,,,,,,,x,,,,,,,,,,,,,,,,,,,,,,,,,,,,,,
Eysenhardtia platycarpa,Leguminoseae,,,,,,,,,,,,,,,,,,,x,,,,,,,,,,,,,,,,,,,,,,,,,,,,,,
Eysenhardtia polystachya,Leguminoseae,150,3000,300,1800,,,,,,,,,,,x,,,,x,,,,,,x,,,,,,,,,,x,,,,x,,,,,,,,,,
Fagara chiloperone,Rutaceae,,,,,,,,,,,,,,,,,,,,,,,,,,,,,,,,,,,,,,,,,,,,,,,,,
Fagara fagara,Rutaceae,,,,,,,,,,,,,,,,,,,,,,,,,,,,,,,,,,,,,,,,,,,,,,,,,
Fagara martinicensis,Rutaceae,,,,,,,,,,,,,,,x,,,,,,,,,,,,,,,,,,,,,,,,,,,,,,,,,,
Fagara rhoifolia,Rutaceae,,,,,,,,,,,,,,,,,,,,,,,,,,,,,,,,,,,,,,,,,,,,,,,,,
Fagara sp.,Rutaceae,,,,,,,,,,,,,,,,,,,,,,,,,,,,,,,,,,,x,,,,,,,,,,,,,,
Fagonia glutinosa,Zygophyllaceae,,,,,,,,,,,,,,,,,,,,,,,,,,,,,,,,,,,x,,,,,,,,,,,,,,
Fagopyrum esculentum,Polygonaceae,,,,,,,,,,,,,,,,,,,x,,,,,,,,,,,,,,,,,,,,,,,,,,,,,,
Fagus sylvatica,Fagaceae,,,,,,,,,,,,,,,,,,,x,,,,,,,,,,,,,,,,x,,,,,,,,,,,,,,
Faidherbia albida,Leguminoseae,,,,,,,,,,,,,,,,,,,,,,,,,,,,,,,,,,,x,,,,,,,,,,,,x,,
Faramea multiflora,Rubiaceae,,,,,,,,,,,,,,,,,,,,,,,,,,,,,,,,,,,x,,,,,,,,,,,,,,
Farsetia aegyptia,Brassicaceae,,,,,,,,,,,,,,,,,,,,,,,,,,,,,,,,,,,x,,,,,,,,,,,,,,
Fasciolus vulgaris,?,,,,,,,,,,,,,,,,,,,x,,,,,,,,,,,,,,,,x,,,,,,,,,,,,,,
Feijoa sellowiana,Myrtaceae,0,1200,,,,,,,x,,,x,,,,,,,x,,,,,x,,,,,,,,,,,,,,,,,,x,,,,,,,
Feronia limonia,Rutaceae,0,500,,,,,,,x,,,x,,,,,,,,,,,,,,,,,,,,,,,x,,,,,,,,x,,,,,,
Festuca andicoIa,Poaceae,,,,,,,,,,,,,,,,,,,,,,,,,,,,,,,,,,,,,,,,,,,,,x,,,,
Festuca dolichophylla,Poaceae,,,,,,,,,,,,,,,,,,,,,,,,,,,,,,,,,,,x,,,,,,,,,,,,,,
Festuca rigidifolia,Poaceae,,,,,,,,,,,,,,,,,,,,,,,,,,,,,,,,,,,,,,,,,,,,,x,,,,
Fevillea cordifolia,Cucurbitaceae,,,,,,,,,,,,,,,,,,,x,,,,,,,,,,,,,,,,,,,,,,,,,,,,,,
Fevillea sp.,Cucurbitaceae,,,,,,,,,,,,,,,,,,,,,,,,,,,,,,,,,,,x,,,,,,,,,,,,,,
Ficus antihelmintica,Moraceae,,,,,,,,,,,,,,,,,,,,,,,,,,,,,,,,,,,x,,,,,,,,,,,,,,
Ficus boliviana,Moraceae,250,850,,,,,,,,,,,,,,,,,,,,,,,,,,,,,,,,,,,,,,,,,,,,,,,
Ficus carica,Moraceae,0,2000,,,,,,,x,,,x,,,,,,,,,,,,,,,,,,,,,,,x,,,,,,,,,,,,,,
Ficus coerulescens,Moraceae,,,,,,,,,,,,,,,,,,,,,,,,,,,,,,,,,,,x,,,,,,,,,,,,,,
Ficus cuatrecasana,Moraceae,,,,,,,,x,,,,,,,,,,,,,,,,,,,,,,,,,,,x,,,,,,,,,,,,,,
Ficus elastica,Moraceae,,,,,,,,,,,,,,,,,,,,,,,,,,,,,,,,,,,,,,,,,,x,,,,,,,
Ficus eximia,Moraceae,,,,,,,,,,,,,x,,,,,,,,,,,,,,,,,,,,,,,,,,,,,,,,,,,,
Ficus glabrata,Moraceae,,,,,,,,,,,,,,,,,,,,,,,,,,,,,,,,,,,x,,,,,,,,,,,,,,
Ficus gomelleira,Moraceae,,,,,,,,,,,,,,,,,,,,,,,,,,,,,,,,,,,,,,,,,,,,,,,,,
Ficus guianensis,Moraceae,,,,,,,,,,,,,,,,,,,,,,,,,,,,,,,,,,,x,,,,,,,,,,,,,,
Ficus insípida,Moraceae,100,900,,,,,,,,,,,x,,,,,,,,,,,,,,,,,,,,,,x,,,,,,,,,,,,,,
Ficus krukovii,Moraceae,,,,,,,,,,,,,,,,,,,,,,,,,,,,,,,,,,,,,,,,,,,,,,,,,
Ficus maxima,Moraceae,,,,,,,,,,,,,,,,,,,,,,,,,,,,,,,,,,,x,,,,,,,,,,,,,,
Ficus paraensis,Moraceae,,,,,,,,,,,,,,,,,,,,,,,,,,,,,,,,,,,x,,,,,,,,,,,,,,
Ficus pertusa,Moraceae,,,,,,,,,,,,,,,,,,,,,,,,,,,,,,,,,,,,,,,,,,,,,,,,,
Ficus sp.,Moraceae,,,,,,,,,,,,,,,,,,,,,,,,,,,,,,,,,,,,,,,,,,,,,,,,,
Ficus trigona,Moraceae,,,,,,,,,,,,,,,,,,,,,,,,,,,,,,,,,,,x,,,,,,,,,,,,,,
Filipendula ulmaria,Rosaceae,,,,,,,,,,,,,,,,,,,,,,,,,,,,,,,,,,,x,,,,,,,,,,,,,,
Fimbristylis littoralis,Cyperaceae,,,,,,,,,,,,,,,,,,,,,,,,,,,,,,,,,,,,,,,,,,,,,x,,,,
Fittonia albivenis,Acanthaceae,,,,,,,,,,,,,,,,,,,,,,,,,,,,,,,,,,,x,,,,,,,,,,,,,,
Flacourtia indica,Flacourtiaceae,0,1500,,,,,,,x,,,x,,,,x,,,,,,,x,,,,,,,,,,,,x,,,,,,,,,,,,,,
Flacourtia inermis,Flacourtiaceae,0,1500,,,,,,,,,,x,,,,,,,,,,,,,,,,,,,,,,,,,,,,,,,,,,,,,
Flacourtia jangomas,Flacourtiaceae,0,1500,,,,,,,,,,x,,,,,,,,,,,x,,,,,,,,,,,,x,,,,,,,,,,,,,,
Flacourtia rukam,Flacourtiaceae,0,1500,,,,,,,,,,x,,,x,,,,,,,,x,,,,,,,,,,,,,,,,,,,,,,,,,,
Flaveria bidentis,Asteraceae,,,,,,,,,,,,,,,,,,,x,,,,,,,,,,,,,,,,x,,,,,,,,,,,,,,
Flaveria trinervia,Asteraceae,,,,,,,,,,,,,,,,,,,,,,,,,,,,,,,,,,,,,,,x,,,,,,,,,,
Flemingia macrophylla,Leguminoseae,,,,,,,,,,,,,,,,,,,x,x,,x,x,,,x,,,,x,,,,,,,,,,,,,,,,,x,,
Floscopa peruviana,Commelinaceae,,,,,,,,,,,,,,,,,,,,,,,,,,,,,,,,,,,x,,,,,,,,,,,,,,
Flourensia laurifolia,Asteraceae,,,,,,,,,,,,,,,,,,,x,,,,,,,,,,,,,,,,,,,,,,,,,,,,,,
Flourensia resinosa,Asteraceae,,,,,,,,,,,,,,,,,,,,,,,,,,,,,,,,,,,,,,,x,,,,,,,,,,
Flourensia riparia,Asteraceae,,,,,,,,,,,,,,,,,,,,,,,,,,,,,,,,,,,x,,,,,,,,,,,,,,
Flourensia sp.,Asteraceae,,,,,,,,,,,,,,,,,,,,,,,,,,,,,,,,,,,x,,,,,,,,,,,,,,
Fluorensia cernua,Asteraceae,,,,,,,,,,,,,,,,,,,,,,,,,,,,,,,,,,,,,,x,x,,,,,,,,,,
Foeniculum vulgare,Apiaceae,,,,,,,,,,,,,,,,,,,x,,,,,,,,,,,,,,,,x,,,,x,,,,,,,,,,
Forsskaolea tenacissima,Urticaceae,,,,,,,,,,,,,,,,,,,,,,,,,,,,,,,,,,,x,,,,,,,,,,,,,,
Fortunella japonica,Rutaceae,,,,,,,,,x,,,x,,,,,,,,,,,x,,,,,,,,,,,,,,,,,,,x,,,,,,,
Fortunella margarita,Rutaceae,,,,,,,,,x,,,x,,,,,,,,,,,x,,,,,,,,,,,,,,,,,,,x,,,,,,,
Fourcroya cubensis,Amaryllidaceae,,,,,,,,,,,,,,,,,,,x,,,,,,,,,,,,,,,,,,,,,,,,,,,,,,
Fourcroya gigantea,Amaryllidaceae,,,,,,,,,,,,,,,,,,,x,,,,,,,,,,,,,,,,,,,,,,,,,,,,,,
Fragaria chiloensis,Rosaceae,,,,,,,,,,,,,,,,,,,x,,,,,,,,,,,,,,,,x,,,,,,,,,,,,,,
Fragaria sp.,Rosaceae,,,,,,,,,,,,,,,,,,,x,,,,,,,,,,,,,,,,,,,,,,,,,,,,,,
Fragaria vesca,Rosaceae,,,,,,,,,,,,,,,,,,,x,,,,,,,,,,,,,,,,x,,,,,,,,,,,,,,
Frangula alnus,Rhamnaceae,,,,,,,,,,,,,,,,,,,,,,,,,,,,,,,,,,,,x,,,,,,,,,,,,,
Fraxinus americana,Oleaceae,0,3500,,,,,x,,,,,,,,x,x,,,,,,,x,x,,,,,,x,,,,,,,,,,,,,,,,,,,
Fraxinus berlandieriana,Oleaceae,,,,,,,,,,,,,,,,,,,x,,,,,,,,,,,,,,,,,,,,,,,,,,,,,,
Fraxinus excelsior,Oleaceae,,,,,,,,,,,,,,,,,,,x,,,,,,,,,,,,,,,,x,,,,,,,,,,,,,,
Fraxinus greggii,Oleaceae,,,,,,,,,,,,,,,x,x,,,,,,,,,,,,,,,,,,,,,,,,,,,,,,,,,
Fraxinus ornus,Oleaceae,,,,,,,,,,,,,,,,,,,x,,,,,,,,,,,,,,,,,,,,,,,,,,,,,,
Fraxinus oxiacampa,Oleaceae,,,,,,,,,,,,,,,,,,,,,,,,,,,,,,,,,,,x,,,,,,,,,,,,,,
Fraxinus uhdei,Oleaceae,1100,2600,1200,2000,,,,,,,,,,,x,x,,,,,,,,,,x,x,,,,,,,,x,,,,,,,x,,,,,,,
Fridericia pearcei,Bignoniaceae,,,,,,,,,,,,,,,,,,,,,,,,,,,,,,,,,,,x,,,,,,,,,,,,,,
Fuchsia arborescens,Onagraceae,,,,,,,,,,,,,,,,,,,x,,,,,,,,,,,,,,,,,,,,,,,,,,,,,,
Fuchsia sp.,Onagraceae,,,,,,,,,,,,,,,,,,,x,,,,,,,,,,,,,,,,,,,,,,,,,,,,,,
Fucus vesiculosus,Fucaceae,,,,,,,,,,,,,,,,,,,,,,,,,,,,,,,,,,,x,,,,,,,,,,,,,,
Fumaria capreolata,Papaveraceae,,,,,,,,,,,,,,,,,,,x,,,,,,,,,,,,,,,,,,,,,,,,,,,,,,
Fumaria muralis,Papaveraceae,,,,,,,,,,,,,,,,,,,,,,,,,,,,,,,,,,,x,,,,,,,,,,,,,,
Fumaria officinalis,Papaveraceae,,,,,,,,,,,,,,,,,,,,,,,,,,,,,,,,,,,x,,,,,,,,,,,,,,
Furcraea andina,Agavaceae,,,,,,,,,,,,,,,,,,,,,,,,,,,,,,,,,,,x,,,,,,,,,,,,,,
Gaiadendron sp.,Loranthaceae,,,,,,,,,,,,,,,,,,,,,,,,,,,,,,,,,,,x,,,,,,,,,,,,,,
Galanthus nivalis,Amaryllidaceae,,,,,,,,,,,,,,,,,,,x,,,,,,,,,,,,,,,,,,,,,,,,,,,,,,
Galega officinalis,Leguminoseae,,,,,,,,,,,,,,,,,,,,,,,,,,,,,,,,,,,x,,,,,,,,,,,,,,
Galeopsis grandiflora,Lamiaceae,,,,,,,,,,,,,,,,,,,,,,,,,,,,,,,,,,,x,,,,,,,,,,,,,,
Galeopsis sp.,Lamiaceae,,,,,,,,,,,,,,,,,,,x,,,,,,,,,,,,,,,,,,,,,,,,,,,,,,
Galinsoga hispida,Asteraceae,,,,,,,,,,,,,,,,,,,,,,,,,,,,,,,,,,,x,,,,,,,,,,,,,,
Galinsoga parviflora,Asteraceae,,,,,,,,,,,,,,,,,,,x,,,,,,,,,,,,,,,,,,,,x,,,,,,,,,,
Galinsoga quadriradia,Asteraceae,,,,,,,,,,,,,,,,,,,,,,,,,,,,,,,,,,,,,,,x,,,,,,,,,,
Galipea ciliata,Rutaceae,,,,,,,,,,,,,,,,,,,,,,,,,,,,,,,,,,,,,,,,,,,,,,,,,
Galipea stricta,Rutaceae,,,,,,,,,,,,,,,,,,,,,,,,,,,,,,,,,,,,,,,,,,,,,,,,,
Galipea trifoliata,Rutaceae,,,,,,,,,,,,,,,,,,,,,,,,,,,,,,,,,,,,,,,,,,,,,,,,,
Galipea tubiflora,Rutaceae,,,,,,,,,,,,,,,,,,,,,,,,,,,,,,,,,,,x,,,,,,,,,,,,,,
Galium aparine,Rubiaceae,,,,,,,,,,,,,,,,,,,,,,,,,,,,,,,,,,,x,,,,,,,,,,,,,,
Galium verum,Rubiaceae,,,,,,,,,,,,,,,,,,,,,,,,,,,,,,,,,,,x,,,,,,,,,,,,,,
Gallesia integrifolia,Phytolaccaceae,,,,,,,,x,,,,,,,,,,,,,,,,,,,,,,,,,,,x,,,,,,,,,,,,,,
Galphimia glauca,Malpighiaceae,,,,,,,,,,,,,,,,,,,,,,,,,,,,,,,,,,,,,,,x,,,,,,,,,,
Gamochaeta simplicicaulis,Asteraceae,,,,,,,,,,,,,,,,,,,,,,,,,,,,,,,,,,,x,,,,,,,,,,,,,,
Gamochaeta spicata,Asteraceae,,,,,,,,,,,,,,,,,,,,,,,,,,,,,,,,,,,x,,,,,,,,,,,,,,
Garcinia brasiliensis,Clusiaceae,,,,,,,,,,,,,,,,,,,,,,,,,,,,,,,,,,,,,,,,,,,,,,,,,
Garcinia cambogia,Clusiaceae,,,,,,,,,,,,,,,,,,,,,,,,,,,,,,,,,,,x,,,,,,,,,,,,,,
Garcinia dioica,Clusiaceae,,,,,,,,,x,,,x,,,,,,,,,,,,,,,,,,,,,,,,,,,,,,,x,,,,,,
Garcinia gardneriana,Clusiaceae,,,,,,,,,,,,,,,,,,,,,,,,,,,,,,,,,,,x,,,,,,,,,,,,,,
Garcinia livingstonei,Clusiaceae,,,,,,,,,x,,,x,,,,,,,,,,,,,,,,,,,,,,,,,,,,,,,x,,,,,,
Garcinia macrophylla,Clusiaceae,,,,,,,,,,,,,,,,,,,,,,,,,,,,,,,,,,,,,,,,,,,,,,,,,
Garcinia madruno,Clusiaceae,,,,,,,,,,,,,,,,,,,x,,,,,,,,,,,,,,,,,,,,,,,,,,,,,,
Garcinia mangostana,Clusiaceae,,,,,,,,,x,,,x,,,x,,,,,,,,,,,,,,,,x,x,,,x,,,,,,,x,,,,,,,
Garcinia tinctoria,Clusiaceae,,,,,,,,,x,,,x,,,,,,,,,,,,,,,,,,,,,,,,,,,,,,,x,,,,,,
Garcinia xanthochymus,Clusiaceae,,,,,,,,,x,,,x,,,,,,,,,,,,,,,,,,,,,,,,,,,,,,,x,,,,,,
Garrya laurifolia,Garryaceae,,,,,,,,,,,,,,,,,,,,,,,,,,,,,,,,,,,,,,,x,,,,,,,,,,
Garuga pinnata,Burseraceae,,,,,,,,,,,,x,,,x,x,,x,,,,,,,x,,,,,,,,,,,,,,,,,,,,,,,,
Gaultheria brachybotrys,Ericaceae,,,,,,,,,,,,,,,,,,,,,,,,,,,,,,,,,,,x,,,,,,,,,,,,,,
Gaultheria rufescens,Ericaceae,,,,,,,,,,,,,,,,,,,,,,,,,,,,,,,,,,,x,,,,,,,,,,,,,,
Gaultheria sp.,Ericaceae,,,,,,,,,,,,,,,,,,,,,,,,,,,,,,,,,,,x,,,,,,,,,,,,,,
Gaultheria tristis,Ericaceae,,,,,,,,,,,,,,,,,,,,,,,,,,,,,,,,,,,x,,,,,,,,,,,,,,
Gaura hexandra,Onagraceae,,,,,,,,,,,,,,,,,,,,,,,,,,,,,,,,,,,,,,,x,,,,,,,,,,
Gaura mutabilis,Onagraceae,,,,,,,,,,,,,,,,,,,,,,,,,,,,,,,,,,,,,,,x,,,,,,,,,,
Geastrum sp.,Geastraceae,,,,,,,,,,,,,,,,,,,,,,,,,,,,,,,,,,,x,,,,,,,,,,,,,,
Geffroea striata,Leguminoseae,150,390,,,,,,,,,,x,x,,,,,,,,,,,,,,,,,,,,,,,,,,,,,,,,,,,,
Geissospermum reticulatum,Apocynaceae,,,,,,,,,,,,,,,,,,,,,,,,,,,,,,,,,,,x,,,,,,,,,,,,,,
Genera screber,Malpighiaceae,,,,,,,,,,,,,,,,,,,,,,,,,,,,,,,,,,,,,,,,,,,,,,,,,
Genipa americana,Rubiaceae,0,1200,800,4500,,x,,,x,,,x,x,x,x,,,x,x,,,,,,,x,,x,x,,x,x,,,x,,,,x,,,,,,,,,,
Gentiana acaulis,Gentianaceae,,,,,,,,,,,,,,,,,,,,,,,,,,,,,,,,,,,x,,,,,,,,,,,,,,
Gentiana campanuliformis,Gentianaceae,,,,,,,,,,,,,,,,,,,,,,,,,,,,,,,,,,,x,,,,,,,,,,,,,,
Gentiana lutea,Gentianaceae,,,,,,,,,,,,,,,,,,,,,,,,,,,,,,,,,,,x,,,,,,,,,,,,,,
Gentiana primuloides,Gentianaceae,,,,,,,,,,,,,,,,,,,,,,,,,,,,,,,,,,,x,,,,,,,,,,,,,,
Gentiana sedifolia,Gentianaceae,,,,,,,,,,,,,,,,,,,,,,,,,,,,,,,,,,,x,,,,,,,,,,,,,,
Gentianella sp.,Gentianaceae,,,,,,,,,,,,,,,,,,,,,,,,,,,,,,,,,,,x,,,,,,,,,,,,,,
Geoffroea decorticans,Leguminoseae,,,,,,,,,,,,,,,,,,,x,,,,,,,,,,,,,,,,,,,,,,,,,,,,x,,
Geonoma congesta,Palmaceae,0,900,2000,5000,,,,,,,,,x,,,,,,,,,,,,,,,,,,x,,,,,,x,,,,,,,,,x,,,
Geophila macropoda,Rubiaceae,,,,,,,,,,,,,,,,,,,,,,,,,,,,,,,,,,,x,,,,,,,,,,,,,,
Geophila repens,Rubiaceae,,,,,,,,,,,,,,,,,,,,,,,,,,,,,,,,,,,x,,,,,,,,,,,,,,
Geranium cucullatum,Geraniaceae,,,,,,,,,,,,,,,,,,,,,,,,,,,,,,,,,,,x,,,,,,,,,,,,,,
Geranium dissectum,Geraniaceae,,,,,,,,,,,,,,,,,,,,,,,,,,,,,,,,,,,,,,,x,,,,,,,,,,
Geranium fallax,Geraniaceae,,,,,,,,,,,,,,,,,,,,,,,,,,,,,,,,,,,x,,,,,,,,,,,,,,
Geranium filipes,Geraniaceae,,,,,,,,,,,,,,,,,,,,,,,,,,,,,,,,,,,x,,,,,,,,,,,,,,
Geranium herzogii,Geraniaceae,,,,,,,,,,,,,,,,,,,,,,,,,,,,,,,,,,,x,,,,,,,,,,,,,,
Geranium peruvianum,Geraniaceae,,,,,,,,,,,,,,,,,,,,,,,,,,,,,,,,,,,x,,,,,,,,,,,,,,
Geranium sessiflorum,Geraniaceae,,,,,,,,,,,,,,,,,,,,,,,,,,,,,,,,,,,x,,,,,,,,,,,,,,
Géranium sp.,Geraniaceae,,,,,,,,,,,,,,,,,,,x,,,,,,,,,,,,,,,,,,,,,,,,,,,,,,
Geum urbanum,Rosaceae,,,,,,,,,,,,,,,,,,,,,,,,,,,,,,,,,,,x,,,,,,,,,,,,,,
Gigantochloa apus,Graminaceae,,,,,,,,,,,,x,,,x,,,,,,,,x,x,,,,,,,,,,,,,,,,,,,,,,,,,
Ginkgo biloba,Ginkgoaceae,,,,,,,,,,,,,,,,,,,,,,,,,,,,,,,,,,,x,,,,,,,,,,,,,,
Gladiolus gandavensis,Iridaceae,,,,,,,,,,,,,,,,,,,,,,,,,,,,,,,,,,,x,,,,,,,,,,,,,,
Gladiolus sp.,Iridaceae,,,,,,,,,,,,,,,,,,,x,,,,,,,,,,,,,,,,,,,,,,,,,,,,,,
Glandularia aristigera,Verbenaceae,,,,,,,,,,,,,,,,,,,,,,,,,,,,,,,,,,,x,,,,,,,,,,,,,,
Glandularia dissecta,Verbenaceae,,,,,,,,,,,,,,,,,,,x,,,,,,,,,,,,,,,,,,,,,,,,,,,,,,
Glandularia peruviana,Verbenaceae,,,,,,,,,,,,,,,,,,,x,,,,,,,,,,,,,,,,,,,,,,,,,,,,,,
Glandularia pulchella,Verbenaceae,,,,,,,,,,,,,,,,,,,x,,,,,,,,,,,,,,,,,,,,,,,,,,,,,,
Glechoma hederacea,Lamiaceae,,,,,,,,,,,,,,,,,,,x,,,,,,,,,,,,,,,,x,,,,,,,,,,,,,,
Gledissia amorphoides,Leguminoseae,,,,,,,,,,,,,,,,,,,x,,,,,,,,,,,,,,,,,,,,,,,,,,,,,,
Gleditsia triacanthos,Leguminoseae,,,,,,,,,,,,x,,,x,x,,x,x,,,,x,x,x,x,,,x,,,,,,,,,,,,,x,,,,,x,,
Gleichenia bifida,Gleicheniaceae,,,,,,,,,,,,,,,,,,,,,,,,,,,,,,,,,,,x,,,,,,,,,,,,,,
Gliricidia sepium,Leguminoseae,0,1200,500,2300,,x,x,x,,,,x,,,x,x,x,x,x,x,x,x,x,,x,x,,x,,x,,,,,x,,,,x,,x,x,,x,,,x,,
Globularia alypum,Plantaginaceae,,,,,,,,,,,,,,,,,,,,,,,,,,,,,,,,,,,x,,,,,,,,,,,,,,
Globularia cordifolium,Plantaginaceae,,,,,,,,,,,,,,,,,,,,,,,,,,,,,,,,,,,x,,,,,,,,,,,,,,
Globularia vulgaris,Plantaginaceae,,,,,,,,,,,,,,,,,,,,,,,,,,,,,,,,,,,x,,,,,,,,,,,,,,
Gloxinia purpurascens,Gesneriaceae,,,,,,,,,,,,,,,,,,,,,,,,,,,,,,,,,,,x,,,,,,,,,,,,,,
Glycine max,Leguminoseae,,,,,,,,,,,,,,,,,,,x,x,,x,,,,,,,,,,,,,,,,,,,,,,,,,,,
Glycine wightii,Leguminoseae,,,,,,,,,,,,,,,,,,,,x,,x,,,,,,,,,,,,,,,,,,,,,,,,,,,
Glycoxylon huberi,Sapotaceae,,,,,,,,,,,,,,,,,,,,,,,,,,,,,,,,,,,x,,,,,,,,,,,,,,
Glycyrrhiza glabra,Plantaginaceae,,,,,,,,,,,,,,,,,,,,,,,,,,,,,,,,,,,x,,,,,,,,,,,,,,
Gmelina arborea,Verbenaceae,0,1000,,,,,,,,,,,,,x,x,,x,x,,,,,x,x,,,,,,,,,,x,,,,,,,x,,,,,,,
Gnaphalium capitatum,Plantaginaceae,,,,,,,,,,,,,,,,,,,,,,,,,,,,,,,,,,,x,,,,,,,,,,,,,,
Gnaphalium cheiranthifolium,Plantaginaceae,,,,,,,,,,,,,,,,,,,,,,,,,,,,,,,,,,,x,,,,,,,,,,,,,,
Gnaphalium margaritaceum,Plantaginaceae,,,,,,,,,,,,,,,,,,,,,,,,,,,,,,,,,,,x,,,,,,,,,,,,,,
Gnaphalium polium,Plantaginaceae,,,,,,,,,,,,,,,,,,,,,,,,,,,,,,,,,,,x,,,,,,,,,,,,,,
Gnaphalium purpureum,Plantaginaceae,,,,,,,,,,,,,,,,,,,,,,,,,,,,,,,,,,,x,,,,,,,,,,,,,,
Gnaphalium sp.,Plantaginaceae,,,,,,,,,,,,,,,,,,,,,,,,,,,,,,,,,,,x,,,,,,,,,,,,,,
Gnetum gnemon,Gnetaceae,0,1200,,,,,,,,,,x,,,,,,x,,,,,,,,,,,,,,,,,,,,,,,,,,,,,,,
Gochnatia boliviana,Asteraceae,1500,2300,,,,,x,,,,,,,,,x,,x,x,,,,,,,,,,,,,,,,,,,,,,,x,,,,,,,
Gochnatia hypoleuca,Asteraceae,,,,,,,,,,,,,,,,,,,x,,,,,,,,,,,,,,,,,,,,,,,,,,,,,,
Gochnatia palosanto,Asteraceae,0,2100,,,,,x,,,,,,,,,x,,x,x,,,,,,,x,,,,,,,,,,,,,,,,x,,,,,,,
Gochnatia plymorpha,Asteraceae,,,,,,,,,,,,,,,,,,,,,,,,,,,,,,,,,,,x,,,,,,,,,,,,,,
Gochnatia sp.,Asteraceae,,,,,,,,,,,,,,,,,,,,,,,,,,,,,,,,,,,x,,,,,,,,,,,,,,
Gomphrena celosioides,Amaranthaceae,,,,,,,,,,,,,,,,,,,,,,,,,,,,,,,,,,,x,,,,,,,,,,,,,,
Gomphrena elegans,Amaranthaceae,,,,,,,,,,,,,,,,,,,,,,,,,,,,,,,,,,,x,,,,,,,,,,,,,,
Gomphrena globosa,Amaranthaceae,,,,,,,,,,,,,,,,,,,,,,,,,,,,,,,,,,,x,,,,,,,,,,,,,,
Gomphrena mandonii,Amaranthaceae,,,,,,,,,,,,,,,,,,,,,,,,,,,,,,,,,,,x,,,,,,,,,,,,,,
Gomphrena meyeniana,Amaranthaceae,,,,,,,,,,,,,,,,,,,,,,,,,,,,,,,,,,,x,,,,,,,,,,,,,,
Gomphrena perennis,Amaranthaceae,,,,,,,,,,,,,,,,,,,x,,,,,,,,,,,,,,,,,,,,,,,,,,,,,,
Gongora scaphephorus,Orchidaceae,,,,,,,,,,,,,,,,,,,,,,,,,,,,,,,,,,,x,,,,,,,,,,,,,,
Gonzalagunia bunchosioides,Rubiaceae,,,,,,,,,,,,,,,,,,,,,,,,,,,,,,,,,,,x,,,,,,,,,,,,,,
Gonzalagunia cornifolia,Rubiaceae,,,,,,,,,,,,,,,,,,,x,,,,,,,,,,,,,,,,,,,,,,,,,,,,,,
Gossypium barbadense,Malvaceae,,,,,,,,,,,,,,,,,,,,,,,,,,,,,,,,,,,x,,,,,,,,,,,,,,
Gossypium hirsutum,Malvaceae,,,,,,,,,,,,,,,,,,,x,,,,,,,,,,,,,,,,,,,,,,,,,,,,,,
Gossypium sp.,Malvaceae,,,,,,,,,,,,,,,,,,,x,,,,,,,,,,,,,,,,,,,,,,,,,,,,,,
Gouania adenophora,Rhamnaceae,,,,,,,,,,,,,,,,,,,,,,,,,,,,,,,,,,,x,,,,,,,,,,,,,,
Gouania polygama,Rhamnaceae,,,,,,,,,,,,,,,,,,,x,,,,,,,,,,,,,,,,,,,,,,,,,,,,,,
Gouania tomentosa,Rhamnaceae,,,,,,,,,,,,,,,,,,,x,,,,,,,,,,,,,,,,,,,,,,,,,,,,,,
Gouepia sp.,Chrysobalanaceae,,,,,,,,,,,,,,,,,,,,,,,,,,,,,,,,,,,,,,,,,,,,,,,,,
Gourlia spinosa,Leguminoseae,,,,,,,,,,,,,,,,,,,x,,,,,,,,,,,,,,,,,,,,,,,,,,,,,,
Grevia oppositifolia,Tiliaceae,0,2000,,,,,,,,,,,,,,,,,,,,,,,,,,,,,,,,,,,,,,,,,,,,,,,
Grevillea banksii,Protoceae,,,,,,,,,,,,,,,x,x,,,,,,,,x,,,,,,,,,,,,,,,,,,,,,,,,,
Grevillea robusta,Protoceae,0,2700,,,,,,,,,,,,,x,x,,,x,,,,,x,,x,x,,,,,,,,,,,,,,,x,,,,,,,
Grewia asiatica,Tiliaceae,,,,,,,,,,,,x,,,,,,,,,,,,,,,,,,,,,,,,,x,,,,,,,,,,,,
Grewia bicolor,Tiliaceae,,,,,,,,,,,,,,,,x,,x,,,,,,,,,,,,,,,,,,,x,,,,,,,,,,,,
Grewia carpinifolia,Tiliaceae,,,,,,,,,,,,,,,,x,,x,,,,,,,,,,,,,,,,,,,x,,,,,,,,,,,,
Grewia oppositifolia,Tiliaceae,,,,,,,,,,,,,,,,x,,x,,,,,x,,,,,,,,,,,,,,x,,,,,,,,,,,,
Grewia tenax,Tiliaceae,,,,,,,,,,,,,,,,,,,,,,,,,,,,,,,,,,,x,,,,,,,,,,,,,,
Grewia tiliaefolia,Tiliaceae,,,,,,,,,,,,,,,,x,,x,,,,,,,,,,,,,,,,,,,x,,,,,,,,,,,,
Grias neuberthii,Lecythidaceae,,,,,,,,,x,,,x,,,,,,,,,,,,,,,,,,,,,,,x,,,,,,,,,,,,,,
Grias peruviana,Lecythidaceae,,,,,,,,,,,,,,,,,,,,,,,,,,,,,,,,,,,x,,,,,,,,,,,,,,
Grindelia boliviana,Asteraceae,,,,,,,,,,,,,,,,,,,,,,,,,,,,,,,,,,,x,,,,,,,,,,,,,,
Grindelia robusta,Asteraceae,,,,,,,,,,,,,,,,,,,,,,,,,,,,,,,,,,,x,,,,,,,,,,,,,,
Grindelia tarapacana,Asteraceae,,,,,,,,,,,,,,,,,,,,,,,,,,,,,,,,,,,x,,,,,,,,,,,,,,
Groenlandia densa,Potamogetonaceae,,,,,,,,,,,,,,,,,,,,,,,,,,,,,,,,,,,,,,,,,,,,,x,,,,
Guadua aculeata,Poaceae,0,800,1600,2000,,,,,,,,,,,x,x,,,,,,,,,x,,,,,,,,,,,,,,,,,x,,,,,,,
Guadua amplexifolia,Poaceae,300,700,800,1500,,,,,,,,,,,x,x,,,,,,,x,,,,,,,,,,,,,,,,,,,x,,,,,,,
Guadua paniculata,Graminaceae,,,,,,,,,,,,,,,,,,,,,,,,,,,,,,,,,,,,,,,,,,,,,,,,,
Guadua werberbaueri,Graminaceae,,,,,,,,,,,,,,,,,,,,,,,,,,,,,,,,,,,x,,,,,,,,,,,,,,
Guaiacum officinale,Zigofilaceae,,,,,,,,,,,,,,,x,x,,,x,,,,,,,,,,,,,,,,,,,,,,,x,,,,,,,
Guaiacum sanctum,Zigofilaceae,0,650,600,1500,,,,x,,,,,,,x,x,,,,,,,,,,,,,,,,,x,,x,,,,,,,x,,,,,,,
Guarea glabra,Meliaceae,0,2200,1500,7000,,,,,,,,,x,,x,x,,,,,,,,,,,,,,,,,,,,,,,,,,,,,,,,,
Guarea grandifolia,Meliaceae,0,800,2500,8000,,x,,,,,,,x,,x,x,,,,,,,,,,,,,,,,,,,x,,,,,,,x,,,,,,,
Guarea guara,Meliaceae,,,,,,,,,,,,,,,,,,,,,,,,,,,,,,,,,,,,,,,x,,,,,,,,,,
Guarea guidonia,Meliaceae,,,,,,,,,,,,,,,,,,,,,,,,,,x,x,,,,,,,,x,,,,,,,,,,,,,,
Guarea kunthiana    ,Meliaceae,,,,,,,,,,,,,,,,,,,,,,,,,,,,,,,,,,,x,,,,,,,,,,,,,,
Guarea macrophylla,Meliaceae,,,,,,,,,,,,,,,,,,,,,,,,,,,,,,,,,,,x,,,,,,,,,,,,,,
Guarea purusana,Meliaceae,,,,,,,,,,,,,,,,,,,,,,,,,,,,,,,,,,,x,,,,,,,,,,,,,,
Guatteria elata,Annonaceae,,,,,,,,,,,,,,,,,,,,,,,,,,,,,,,,,,,x,,,,,,,,,,,,,,
Guatteria modesta,Annonaceae,,,,,,,,,,,,,,,,,,,,,,,,,,,,,,,,,,,x,,,,,,,,,,,,,,
Guatteria sp.,Annonaceae,,,,,,,,,,,,,,,,,,,,,,,,,,,,,,,,,,,,,,,,,,,,,,,,,
Guayacum officinalis,Asteraceae,,,,,,,,,,,,,,,,,,,,,,,,,,,,,,,,,,,x,,,,,,,,,,,,,,
Guazuma crinita,Sterculiaceae,,,,,,,,,,,,,,,x,x,,,,,,,,,,,,,,,,,,,,,,,,,,,,,,,,,
Guazuma ulmifolia,Sterculiaceae,0,1200,1100,1300,,,x,x,x,,,x,x,,x,x,,x,x,,,,x,x,,x,,,x,x,,,,,x,,x,,x,,,,,,,,,,
Guetarda uruguayensis,Rubiaceae,,,,,,,,,,,,,,,,,,,x,,,,,,,,,,,,,,,,,,,,,,,,,,,,,,
Guettarda viburnoides,Rubiaceae,,,,,,,,,,,,,,,,,,,,,,,,,,,,,,,,,,,,,,,,,,,,,,,,,
Guibourtia chodatiana,Leguminoseae,,,,,,,,,,,,,,,,,,,,,,,,,,,,,,,,,,,,,,,,,,,,,,,,,
Guilleminea densa,Amaranthaceae,,,,,,,,,,,,,,,,,,,,,,,,,,,,,,,,,,,x,,,,,,,,,,,,,,
Guillielma sp.,?,,,,,,,,,,,,,,,,,,,,,,,,,,,,,,,,,,,x,,,,,,,,,,,,,,
Gunnera magellanica,Gunneraceae,,,,,,,,,,,,,,,,,,,,,,,,,,,,,,,,,,,x,,,,,,,,,,,,,,
Gurania spinulosa,Cucurbitaceae,,,,,,,,,,,,,,,,,,,,,,,,,,,,,,,,,,,x,,,,,,,,,,,,,,
Gustavia superba,Lecythidaceae,,,,,,,,,,,,x,,,,,,,,,,,,,,,,,,,,,,,,,,,,,,,,,,,,,
Gymnocarpos decandrus,Caryophyllaceae,,,,,,,,,,,,,,,,,,,,,,,,,,,,,,,,,,,x,,,,,,,,,,,,,,
Gymnopodium antigonoides,Polygonaceae,,,,,,,,,,,,,,,,,,,x,,,,,,,,,,,,,,,,,,,,,,,,,,,,,,
Gymnosperma glutinosum,Asteraceae,,,,,,,,,,,,,,,,,,,,,,,,,,,,,,,,,,,,,,,x,,,,,,,,,,
Gymnostoma deplancheanum,Casuarinaceae,,,,,,,,,,,,,,,,,,,,,,,,,,,,,,,,,,,,,,,,,,,,,,,x,,
Gynerium sagittatum,Poaceae,,,,,,,,,,,,,,,,,x,,,,,,,,,,,,,,,,,,x,,,,,,,,,,x,,,,
Gynoxys glabriuscula,Asteraceae,,,,,,,,,,,,,,,,,,,,,,,,,,,,,,,,,,,x,,,,,,,,,,,,,,
Gynoxys oleifolia,Asteraceae,3300,4500,,,,,,,,,,,,,x,x,,,,,,,x,,,,,,,x,,,,,,,,,,,,,,,,,,,
Gynoxyx nitida,Asteraceae,,,,,,,,,,,,,,,,,,,,,,,,,,,,,,,,,,,x,,,,,,,,,,,,,,
Gynoxyx seleriana,Asteraceae,,,,,,,,,,,,,,,,,,,,,,,,,,,,,,,,,,,x,,,,,,,,,,,,,,
Gyrocarpus americanus,Hernandiaceae,0,700,600,2000,,,x,x,,,,,,,,x,,,,,,,,,,,,,,,,,,,,,,,x,,,,,,,,,,
Haageocrereus sp.,Cactaceae,,,,,,,,,,,,,,,,,,,,,,,,,,,,,,,,,,,x,,,,,,,,,,,,,,
Habenaria gourlieana,Orchidaceae,,,,,,,,,,,,,,,,,,,,,,,,,,,,,,,,,,,,,,,,,,,,,x,,,,
Habenaria sartor,Orchidaceae,,,,,,,,,,,,,,,,,,,,,,,,,,,,,,,,,,,,,,,,,,,,,x,,,,
Haematoxylon brassiletto,Leguminoseae,0,500,600,2000,,,,x,,,,,,,x,x,,,x,,,,x,,,,,,,,x,,,,x,,,,,,,x,,,,,,,
Haematoxylon campechianum,Leguminoseae,,,,,,,,,,,,,,,x,x,,,x,,,,x,,,,,,,,x,,,,x,,,,,,,x,,,,,,,
Halimolobus hispidulus,Brassicaceae,,,,,,,,,,,,,,,,,,,x,,,,,,,,,,,,,,,,,,,,,,,,,,,,,,
Hamamelis virginiana,Hamamelidaceae,,,,,,,,,,,,,,,,,,,,,,,,,,,,,,,,,,,x,,,,,,,,,,,,,,
Hamelia patens,Rubiaceae,,,,,,,,,,,,,,,,,,,x,,,,,,,,,,,,,,,,x,,,,x,,,,,,,,,,
Hammada scoparia,Chenopodiaceae,,,,,,,,,,,,,,,,,,,,,,,,,,,,,,,,,,,x,,,,,,,,,,,,,,
Hancornia speciosa,Apocynaceae,0,600,,,,,,,x,,,x,,,,,,,,,,,,,,,,,,,,,x,,x,,,,,,,,,,,,,,
Haplopappus venetus,Asteraceae,,,,,,,,,,,,,,,,,,,,,,,,,,,,,,,,,,,,,,,x,,,,,,,,,,
Haplophyton cimicidum,Apocynaceae,,,,,,,,,,,,,,,,,,,,,,,,,,,,,,,,,,,,,,,x,,,,,,,,,,
Hardwickia binata,Leguminoseae,,,,,,,,,,,,,,,,,,,,,,,,,,,,,,,,,,,,,,,,,,,,,,,x,,
Harpagophytum procumbens,Pedaliaceae,,,,,,,,,,,,,,,,,,,,,,,,,,,,,,,,,,,x,,,,,,,,,,,,,,
Harpephyllum caffrum,Anacardiaceae,0,1000,,,,,,,x,,,x,,,x,,,,,,,,x,x,x,,,,,,,,,,,,,,,,,x,,,,,,,
Harrisia pomanensis,Cactaceae,,,,,,,,,x,,,,,,,,,,,,,,,,,,,,,,,,,,,,,,,,,,,,,,,,
Harrisia tephracantha,Cactaceae,,,,,,,,,x,,,,,,,,,,,,,,,,,,,,,,,,,,,,,,,,,,,,,,,,
Hedeoma mandoniana,Lamiaceae,,,,,,,,,,,,,,,,,,,,,,,,,,,,,,,,,,,x,,,,,,,,,,,,,,
Hedeoma pulegioides,Lamiaceae,,,,,,,,,,,,,,,,,,,x,,,,,,,,,,,,,,,,x,,,,,,,,,,,,,,
Hedera helix,Araliaceae,,,,,,,,,,,,,,,,,,,x,,,,,,,,,,,,,,,,x,,,,,,,,,,,,,,
Hedomea mandonianum,?,,,,,,,,,,,,,,,,,,,,,,,,,,,,,,,,,,,x,,,,,,,,,,,,,,
Hedychium coronarium,Zingiberaceae,,,,,,,,,,,,,,,,,,,,,,,,,,,,,,,,,,,x,,,,,,,,,,,,,,
Hedychium maximum,Cingiberaceae,,,,,,,,,,,,,,,,,,,x,,,,,,,,,,,,,,,,,,,,,,,,,,,,,,
Hedychium spicatum,Zingiberaceae,,,,,,,,,,,,,,,,,,,,,,,,,,,,,,,,,,,x,,,,,,,,,,,,,,
Hedyosmum bonplandianum,Clorantaceae,2000,2900,,,,,,,,,,,,,x,x,,,,,,,,,,,,,,,,,,,x,,,,,,,,,,,,,,
Hedyosmum cumbalence,Clorantaceae,2000,4000,,,,,,,,,,,,,x,x,,,,,,,,,,,,,,,,,,,x,,,,,,,,,,,,,,
Hedyosmum peruvianum,Clorantaceae,2000,4000,,,,,,,,,,,,,x,x,,,,,,,,,,,,,,,,,,,x,,,,,,,,,,,,,,
Hedyosmum scaberrimum,Clorantaceae,2000,4000,,,,,,,,,,,,,x,x,,,,,,,,,,,,,,,,,,,x,,,,,,,,,,,,,,
Hedyosmum scabrum,Clorantaceae,2000,4000,,,,,,,,,,,,,x,x,,,,,,,,,,,,,,,,,,,x,,,,,,,,,,,,,,
Hedyosmum sp.,Clorantaceae,,,,,,,,,,,,,,,,,,,,,,,,,,,,,,,,,,,x,,,,,,,,,,,,,,
Hedyosmum sprucei,Clorantaceae,2000,4000,,,,,,,,,,,,,x,x,,,,,,,,,,,,,,,,,,,x,,,,,,,,,,,,,,
Hedysarum sp.,Leguminoseae,,,,,,,,,,,,,,,,,,,x,,,,,,,,,,,,,,,,x,,,,,,,,,,,,,,
HeIiotropium curassavicum,Boraginaceae,,,,,,,,,,,,,,,,,,,,,,,,,,,,,,,,,,,,,,,,,,,,,x,,,,
Heimia salicifolia,Lythraceae,,,,,,,,,,,,,,,,,,,x,,,,,,,,,,,,,,,,x,,,,,,,,,,,,,,
Heisteria sp.,Oleaceae,,,,,,,,,,,,,,,,,,,,,,,,,,,,,,,,,,,x,,,,,,,,,,,,,,
Helenium automnale,Asteraceae,,,,,,,,,,,,,,,,,,,x,,,,,,,,,,,,,,,,,,,,,,,,,,,,,,
Helenium mexicanum,Asteraceae,,,,,,,,,,,,,,,,,,,,,,,,,,,,,,,,,,,,,,,x,,,,,,,,,,
Helianthemum glomeratum,Cistaceae,,,,,,,,,,,,,,,,,,,,,,,,,,,,,,,,,,,,,,,x,,,,,,,,,,
Helianthemum lippii,Cistaceae,,,,,,,,,,,,,,,,,,,,,,,,,,,,,,,,,,,x,,,,,,,,,,,,,,
Helianthus annuus,Asteraceae,,,,,,,,,,,,,,,,,,,x,,,,,,,,,,,,,,,,x,,,,x,,,,,,,,,,
Helianthus tuberosus,Asteraceae,,,,,,,,,,,,,,,,,,,x,,,,,,,,,,,,,,,,x,,,,,,,,,,,,,,
Helichrysum italicum,Asteraceae,,,,,,,,,,,,,,,,,,,,,,,,,,,,,,,,,,,x,,,,,,,,,,,,,,
Helichrysum orientale,Asteraceae,,,,,,,,,,,,,,,,,,,,,,,,,,,,,,,,,,,,,,,x,,,,,,,,,,
Heliconia hirsuta,Heliconiaceae,,,,,,,,,,,,,,,,,,,,,,,,,,,,,,,,,,,x,,,,,,,,,,,,,,
Heliconia lingulata,Heliconiaceae,,,,,,,,,,,,,,,,,,,,,,,,,,,,,,,,,,,x,,,,,,,,,,,,,,
Heliconia stricta,Heliconiaceae,,,,,,,,,,,,,,,,,,,,,,,,,,,,,,,,,,,x,,,,,,,,,,,,,,
Helicostylis tomentosa,Moraceae,,,,,,,,,,,,,,,,,,,,,,,,,,,,,,,,,,,,,,,,,,,,,,,,,
Helicteres lhotzkyana,Sterculiaceae,,,,,,,,,,,,,,,,,,,,,,,,,,,,,,,,,,,,,,,,,,,,,,,,,
Helietta parvifolia,Rutaceae,,,,,,,,,,,,,,,,,,,x,,,,,,,,,,,,,,,,,,,,,,,,,,,,,,
Helietta puberula,Rutaceae,,,,,,,,,,,,,,,,,,,,,,,,,,,,,,,,,,,,,,,,,,,,,,,,,
Heliocarpus americanus,Tiliaceae,100,1500,,,,,,,,,,,,,,,,,x,,,,,,,,,,,,,,,,x,,,,,,,,,,,,,,
Heliocarpus appendiculatus,Tiliaceae,,,,,,,,,,,,,,,,,,,x,,,,,,,,,,,,,,,,,,,,,,,,,,,,,,
Heliocarpus donnell-smithii,Tiliaceae,,,,,,,,,,,,,,,,,,,x,,,,,,,,,,,,,,,,,,,,,,,,,,,,,,
Heliocarpus occidentalis,Tiliaceae,,,,,,,,,,,,,,,,,,,x,,,,,,,,,,,,,,,,,,,,,,,,,,,,,,
Heliocarpus popayenensis,Tiliaceae,,,,,,,,,,,,,,,,,,,x,,,,,,,,,,,,,,,,,,,,,,,,,,,,,,
Heliocarpus terebinthinaceus,Tiliaceae,,,,,,,,,,,,,,,,,,,x,,,,,,,,,,,,,,,,,,,,,,,,,,,,,,
Heliopsis scabra,Asteraceae,,,,,,,,,,,,,,,,,,,,,,,,,,,,,,,,,,,,,,,x,,,,,,,,,,
Heliotropium angiospermum,Boraginaceae,,,,,,,,,,,,,,,,,,,x,,,,,,,,,,,,,,,,,,,,,,,,,,,,,,
Heliotropium lanceolatum,Boraginaceae,,,,,,,,,,,,,,,,,,,,,,,,,,,,,,,,,,,x,,,,,,,,,,,,,,
Heliotropium peruvianum,Boraginaceae,,,,,,,,,,,,,,,,,,,,,,,,,,,,,,,,,,,,,,,x,,,,,,,,,,
Heliotropium ramosissimum,Boraginaceae,,,,,,,,,,,,,,,,,,,,,,,,,,,,,,,,,,,x,,,,,,,,,,,,,,
Helleborus foetidus,Ranunculaceae,,,,,,,,,,,,,,,,,,,,,,,,,,,,,,,,,,,,,,,x,,,,,,,,,,
Helogyne straminea,Asteraceae,,,,,,,,,,,,,,,,,,,,,,,,,,,,,,,,,,,x,,,,,,,,,,,,,,
Hemarthria altissima,Poaceae,,,,,,,,,,,,,,,,,x,,,,,,,,,,,,,,,,,,,,,,,,,,,,x,,,,
Hernandia wendtii,Hernandiaceae,0,200,1600,2500,,,,,,,,,,,x,x,,,,,,,,,,,,,,,,,,,,,,,,,,,,,,,,,
Herniaria glabra,Caryophyllaceae,,,,,,,,,,,,,,,,,,,,,,,,,,,,,,,,,,,x,,,,,,,,,,,,,,
Herreria montevidensis,Herreriaceae,,,,,,,,,,,,,,,,,,,,,,,,,,,,,,,,,,,x,,,,,,,,,,,,,,
Hesperomeles goudotiana,Rosaceae,,,,,,,,,,,,,,,,,,,x,,,,,,,,,,,,,,,,,,,,,,,,,,,,,,
Hesperomeles lanuginosa,Rosaceae,2300,3700,,,,,,,x,,,,,,x,x,,,,,,,,x,,x,,,x,,,,,,,,,,,,,,,,,,,,
Heterantera limosa,Pontederiaceae,,,,,,,,,,,,,,,,,,,,,,,,,,,,,,,,,,,,,,,,,,,,,x,,,,
Heteranthera reniformis,Pontederiaceae,,,,,,,,,,,,,,,,,,,,,,,,,,,,,,,,,,,,,,,,,,,,,x,,,,
Heteranthera rotundifolia,Pontederiaceae,,,,,,,,,,,,,,,,,,,,,,,,,,,,,,,,,,,,,,,,,,,,,x,,,,
Heteranthera spicata,Pontederiaceae,0,500,,,,,,,,,,,,,,,,,,,,,,,,,,,,,,,,,,,,,,,,,,,x,,,,
Heterophyllaea lycioides,Rubiaceae,,,,,,,,,,,,,,,,,,,,,,,,,,,,,,,,,,,x,,,,,,,,,,,,,,
Heteropsis jenmanii,Araceae,,,,,,,,,,,,,,,,,,,,,,,,,,,,,,,,,,,x,,,,,,,,,,,,,,
Heteropsis spruceana,Araceae,,,,,,,,,,,,,,,,,,,,,,,,,,,,,,,,,,,x,,,,,,,,,,,,,,
Heteropteris riparia,Malpighiaceae,,,,,,,,,,,,,,,,,,,,,,,,,,,,,,,,,,,x,,,,,,,,,,,,,,
Heterotheca chrysopsidis,Asteraceae,,,,,,,,,,,,,,,,,,,,,,,,,,,,,,,,,,,,,,,x,,,,,,,,,,
Heterotheca inuloides,Asteraceae,,,,,,,,,,,,,,,,,,,,,,,,,,,,,,,,,,,,,,,x,,,,,,,,,,
Hevea brasiliensis,Euphorbiaceae,150,500,,,,,,,,,,,,,,,,,,,,,,,,x,,x,,,,,,,x,,,,,,,,,,,,,,
Hexachlamys boliviana,Myrtaceae,,,,,,,,,x,,,,,,,,,,,,,,,,,,,,,,,,,,,,,,,,,,,,,,,,
Hexachlamys edulis,Myrtaceae,,,,,,,,,,,,,,,,,,,,,,,,,,,,,,,,,,,x,,,,,,,,,,,,,,
Hexachlamys sp,Myrtaceae,,,,,,,,,x,,,,,,,,,,,,,,,,,,,,,,,,,,,,,,,,,,,,,,,,
Hibiscus elatus,Malvaceae,,,,,,x,,,,,,,,,,,,,,,,,,,,,,,,,,,,,,,,,,,,,,,,,,,
Hibiscus mutabilis,Malvaceae,,,,,,,,,,,,,,,,,,,,,,,,,,,,,,,,,,,x,,,,,,,,,,,,,,
Hibiscus peruvianus,Malvaceae,,,,,,,,,,,,,,,,,,,,,,,,,,,,,,,,,,,,,,,,,,,,,x,,,,
Hibiscus rosa-sinensis,Malvaceae,0,2000,,,,,,,,,,x,,,,,,x,x,,,,x,x,x,,,,,,x,,,,x,,,,x,,,x,,,,,,,
Hibiscus sabdariffa,Malvaceae,,,,,,,,,,,,,,,,,,,x,,,,,,,,,,,,,,,,,,,,,,,,,,,,,,
Hibiscus sororius,Malvaceae,,,,,,,,,,,,,,,,,,,,,,,,,,,,,,,,,,,,,,,,,,,,,x,,,,
Hibiscus syriacus,Malvaceae,,,,,,,,,,,,,,,,,,,x,,,,,,,,,,,,,,,,,,,,,,,,,,,,,,
Hibiscus tiliaceus,Malvaceae,0,500,,,,,,,,,,,,,x,x,,,x,,,,x,x,,,,,,,,,,,,,x,,,,,x,,,,,,,
Hieracium fulvides,Asteraceae,,,,,,,,,,,,,,,,,,,,,,,,,,,,,,,,,,,x,,,,,,,,,,,,,,
Hieracium pilosella,Asteraceae,,,,,,,,,,,,,,,,,,,,,,,,,,,,,,,,,,,x,,,,,,,,,,,,,,
Hieracium sp.,Asteraceae,,,,,,,,,,,,,,,,,,,x,,,,,,,,,,,,,,,,x,,,,,,,,,,,,,,
Hieronyma asperifolia,Euphorbiaceae,2200,2800,,,,,,,x,,,,x,,x,x,,,,,x,,x,,,x,,,x,,x,,,,,,,,,,,,,,,,,,
Hieronyma colombiana,Euphorbiaceae,1600,2200,,,,,,,x,,,,x,,x,x,,,,,x,,x,,,x,,,x,,x,,,,,,,,,,,,,,,,,,
Hieronyma macrocarpa,Euphorbiaceae,2200,2800,,,,,,,x,,,,x,,x,x,,,,,x,,x,,,x,,,x,,x,,,,,,,,,,,,,,,,,,
Himatanthus sucuuba,Apocynaceae,150,500,,,,,,,,,,,,,,,,,,,,,,,,,,,,,,,,,x,,,,,,,,,,,,,,
Himatanthus tarapotensis,Apocynaceae,,,,,,,,,,,,,,,,,,,,,,,,,,,,,,,,,,,x,,,,,,,,,,,,,,
Hippocratea excelsa,Hippocrateaceae,,,,,,,,,,,,,,,,,,,,,,,,,,,,,,,,,,,,,,,x,,,,,,,,,,
Hippophae rhamnoides,Eleagnaceae,,,,,,,,,,,,,,,,,,,x,,,,,,,,,,,,,,,,x,,,,,,,,,,,,x,,
Hirschfeldia incana,Brassicaceae,,,,,,,,,,,,,,,,,,,x,,,,,,,,,,,,,,,,,,,,,,,,,,,,,,
Hirtella bicornis,Chrysobalanaceae,,,,,,,,,,,,,,,,,,,,,,,,,,,,,,,,,,,,,,,,,,,,,,,,,
Hirtella triandra,Chrysobalanaceae,150,1700,,,,,,,,,,,x,,,,,,,,,,,,,,,,,,,,,,,,,,,,,,,,,,,,
Holocalyx balansae,Leguminoseae,,,,,,,,,,,,,,,,,,,,,,,,,,,,,,,,,,,,,,,,,,,,,,,,,
Homalomena crinipes,Araceae,,,,,,,,,,,,,,,,,,,,,,,,,,,,,,,,,,,x,,,,,,,,,,,,,,
Homolepis aturensis,Poaceae,,,,,,,,,,,,,,,,,x,,,,,,,,,,,,,,,,,,,,,,,,,,,,x,,,,
Hordeum sativum,Poaceae,,,,,,,,,,,,,,,,,,,,,,,,,,,,,,,,,,,x,,,,,,,,,,,,,,
Hordeum vulgare,Poaceae,,,,,,,,,,,,,,,,,,,,,,,,,,,,,,,,,,,x,,,,,,,,,,,,,,
Hovenia dulcis,Rhamnaceae,0,3000,,,,,,,,,,x,,,x,,,x,,,,,,,,,,,,,,,,,,,,,,,,,,,,,,,
Huberodendron swietenoides,Bombacaceae,100,350,,,,,,,,,,,,,,,,,,,,,,,,,,,,,,,,,,,,,,,,,,,,,,,
Huertea cubensis,Staphyleaceae,100,900,2000,,,,,,,,,,,,x,x,,,,,,,,,,x,x,,,,,,,,,,,,,,,,,,,,,,
Humulus lupulus,Cannabaceae,,,,,,,,,,,,,,,,,,,x,,,,,,,,,,,,,,,,x,,,,,,,,,,,,,,
Hura crepitans,Euphorbiaceae,0,1000,1500,,,x,x,x,,,,,x,,x,x,,x,,,,,x,,x,x,,,x,,,,,,x,,,,x,,,x,,x,,,,,
Huttia sp.,?,,,,,,,,,,,,,,,,,,,,,,,,,,,,,,,,,,,x,,,,,,,,,,,,,,
Hybanthus sp.,Violaceae,,,,,,,,,,,,,,,,,,,,,,,,,,,,,,,,,,,x,,,,,,,,,,,,,,
Hydrastis canadensis,Ranunculaceae,,,,,,,,,,,,,,,,,,,,,,,,,,,,,,,,,,,x,,,,,,,,,,,,,,
Hydrilla verticillata,Hydrocharitaceae,,,,,,,,,,,,,,,,,,,,,,,,,,,,,,,,,,,,,,,,,,,,,x,,,,
Hydrocharis morsus-ranae,Hydrocharitaceae,,,,,,,,,,,,,,,,,,,,,,,,,,,,,,,,,,,,,,,,,,,,,x,,,,
Hydrocleis nymphoides,Limnocharitaceae,,,,,,,,,,,,,,,,,,,,,,,,,,,,,,,,,,,,,,,,,,,,,x,,,,
Hydrocleis parviflora,Limnocharitaceae,,,,,,,,,,,,,,,,,,,,,,,,,,,,,,,,,,,,,,,,,,,,,x,,,,
Hydrocotyle asiatica,Apiaceae,,,,,,,,,,,,,,,,,,,,,,,,,,,,,,,,,,,x,,,,,,,,,,,,,,
Hydrocotyle bonariensis,Apiaceae,0,3600,,,,,,,,,,,,,,,,,x,,,,,,,,,,,,,,,,x,,,,,,,,,,x,,,,
Hydrocotyle bonplandii,Apiaceae,,,,,,,,,,,,,,,,,,,,,,,,,,,,,,,,,,,,,,,,,,,,,x,,,,
Hydrocotyle bowlesioides,Araliaceae,,,,,,,x,,,,,,,,,,,,,x,,,,,,,,,,,,,,,,,,,,,,,,,,,,,
Hydrocotyle mexicana,Apiaceae,,,,,,,,,,,,,,,,,,,,x,,,,,,,,,,,,,,,,,,,,,,,,,,,,,
Hydrocotyle ranunculoides,Apiaceae,200,4500,,,,,,,,,,,,,,,,,,,,,,,,,,,,,,,,,,,,,,,,,,,x,,,,
Hydrocotyle umbellata,Apiaceae,,,,,,,,,,,,,,,,,,,,x,,,,,,,,,,,,,,,x,,,,,,,,,x,x,,,,
Hyeronima alchorneoides,Euphorbiaceae,0,900,2000,5000,,,,,,,,,x,,x,x,,,,,x,,,,,x,x,,,,x,x,,x,x,,,,,,,,,,,,,,
Hylocereus costaricensis,Cactaceae,,,,,,,,,,,,,,,,,,,,,,,,,,,,,,,,,,,,,,,x,,,,,,,,,,
Hylocereus sp.,Cactaceae,,,,,,,,,x,,,x,,,,,,,,,,,,,,,,,,,,,,,,,,,x,,,x,,,,,,,
Hymenachne amplexicaulis,Poaceae,,,,,,,,,,,,,,,,,x,,,,,,,,,,,,,,,,,,,,,,,,,,,,x,,,,
Hymenachne donacifolia,Poaceae,,,,,,,,,,,,,,,,,x,,,,,,,,,,,,,,,,,,,,,,,,,,,,x,,,,
Hymenaea courbaril,Leguminoseae,0,1300,800,4000,,,,,x,,,x,x,,x,x,,x,x,,,,,,,x,x,x,,,,x,x,,x,,,,,,,,,,,,x,,
Hymenaea parvifolia,Leguminoseae,,,,,,,,,,,,,,,,,,,,,,,,,,,,,,,,,,,,,,,,,,,,,,,,,
Hymenaea stigonocarpa,Leguminoseae,150,550,,,,,,,,,,,,,,,,,,,,,,,,,,,,,,,,,,,,,,,,,,,,,,,
Hyoscyamus albus,Solanaceae,,,,,,,,,,,,,,,,,,,,,,,,,,,,,,,,,,,,,,,x,,,,,,,,,,
Hyoscyamus níger,Solanaceae,,,,,,,,,,,,,,,,,,,,,,,,,,,,,,,,,,,,,,,x,,,,,,,,,,
Hypericum brathys,Hipericaceae,,,,,,,,,,,,,,,,,,,x,,,,,,,,,,,,,,,,,,,,,,,,,,,,,,
Hypericum elatum,Hypericaceae,,,,,,,,,,,,,,,,,,,,,,,,,,,,,,,,,,,x,,,,,,,,,,,,,,
Hypericum mexicanum,Hipericaceae,,,,,,,,,,,,,,,,,,,x,,,,,,,,,,,,,,,,,,,,,,,,,,,,,,
Hypericum perforatum,Hypericaceae,,,,,,,,,,,,,,,,,,,x,,,,,,,,,,,,,,,,x,,,,,,,,,,,,,,
Hypochaeris andina,Asteraceae,,,,,,,,,,,,,,,,,,,,,,,,,,,,,,,,,,,x,,,,,,,,,,,,,,
Hypochaeris pampasica,Asteraceae,,,,,,,,,,,,,,,,,,,x,,,,,,,,,,,,,,,,,,,,,,,,,,,,,,
Hypochaeris radicata,Asteraceae,,,,,,,,,,,,,,,,,,,x,,,,,,,,,,,,,,,,,,,,,,,,,,,,,,
